receptor_resnum,ligand_resnum,productive_pose_count,productive_pose_frequency,present_in_af,shared_contact
4,191,1,0.5,True,True
6,335,1,0.5,True,True
7,334,1,0.5,True,True
7,335,1,0.5,True,True
7,336,1,0.5,True,True
8,328,1,0.5,True,True
8,329,1,0.5,True,True
8,330,1,0.5,True,True
8,336,1,0.5,True,True
9,328,1,0.5,True,True
9,329,1,0.5,True,True
9,336,1,0.5,True,True
9,341,1,0.5,False,False
10,268,1,0.5,True,True
10,329,1,0.5,True,True
10,330,1,0.5,True,True
10,331,1,0.5,True,True
10,336,1,0.5,True,True
10,338,1,0.5,False,False
10,339,1,0.5,False,False
10,340,1,0.5,False,False
10,341,1,0.5,False,False
10,342,1,0.5,False,False
11,221,1,0.5,True,True
11,268,1,0.5,True,True
11,326,1,0.5,False,False
11,329,1,0.5,True,True
11,341,1,0.5,False,False
11,354,1,0.5,True,True
12,221,1,0.5,True,True
12,326,1,0.5,False,False
12,336,1,0.5,False,False
13,220,1,0.5,True,True
13,328,1,0.5,False,False
13,329,1,0.5,False,False
13,336,1,0.5,False,False
13,354,1,0.5,False,False
14,220,1,0.5,True,True
14,221,2,1.0,True,True
14,224,1,0.5,True,True
14,225,1,0.5,True,True
14,266,1,0.5,True,True
14,326,1,0.5,False,False
14,328,1,0.5,False,False
14,354,1,0.5,False,False
14,355,1,0.5,False,False
14,356,1,0.5,False,False
14,359,1,0.5,False,False
15,221,1,0.5,False,False
15,224,1,0.5,True,True
16,221,1,0.5,False,False
17,221,1,0.5,False,False
17,225,1,0.5,False,False
17,266,1,0.5,False,False
18,225,1,0.5,False,False
20,224,1,0.5,False,False
