chain_role,residue,in_productive_hdock,in_af,classification
target_chain,4,True,True,converged
target_chain,6,True,True,converged
target_chain,7,True,True,converged
target_chain,8,True,True,converged
target_chain,9,True,True,converged
target_chain,10,True,True,converged
target_chain,11,True,True,converged
target_chain,12,True,True,converged
target_chain,13,True,True,converged
target_chain,14,True,True,converged
target_chain,15,True,True,converged
target_chain,16,True,False,hdock_only
target_chain,17,True,False,hdock_only
target_chain,18,True,False,hdock_only
target_chain,20,True,False,hdock_only
active_site_chain,191,True,True,converged
active_site_chain,220,True,True,converged
active_site_chain,221,True,True,converged
active_site_chain,224,True,True,converged
active_site_chain,225,True,True,converged
active_site_chain,266,True,True,converged
active_site_chain,268,True,True,converged
active_site_chain,326,True,False,hdock_only
active_site_chain,328,True,True,converged
active_site_chain,329,True,True,converged
active_site_chain,330,True,True,converged
active_site_chain,331,True,True,converged
active_site_chain,334,True,True,converged
active_site_chain,335,True,True,converged
active_site_chain,336,True,True,converged
active_site_chain,338,True,False,hdock_only
active_site_chain,339,True,False,hdock_only
active_site_chain,340,True,False,hdock_only
active_site_chain,341,True,False,hdock_only
active_site_chain,342,True,False,hdock_only
active_site_chain,354,True,True,converged
active_site_chain,355,True,False,hdock_only
active_site_chain,356,True,False,hdock_only
active_site_chain,359,True,False,hdock_only
