construct_id,cluster_id,pose_count,frequency,ranks,contact_fingerprint
r5_real_lox169,r5_real_lox169_cluster_1,1,0.1,1,D_191_GLU;D_220_TYR;D_224_ALA;D_328_THR;D_329_SER;D_330_CYS;D_332_TYR;D_333_GLY;D_334_TYR;D_335_HIS;D_336_ARG;D_354_THR;D_406_HIS;D_408_TYR
r5_real_lox169,r5_real_lox169_cluster_2,1,0.1,2,D_191_GLU;D_194_ARG;D_220_TYR;D_221_TYR;D_223_GLN;D_224_ALA;D_225_SER;D_226_THR;D_227_TYR;D_268_ARG;D_329_SER;D_334_TYR;D_335_HIS;D_336_ARG;D_354_THR;D_407_ALA;D_408_TYR
r5_real_lox169,r5_real_lox169_cluster_3,1,0.1,3,D_220_TYR;D_221_TYR;D_224_ALA;D_225_SER;D_226_THR;D_227_TYR;D_268_ARG;D_329_SER;D_330_CYS;D_335_HIS;D_336_ARG;D_354_THR;D_406_HIS;D_407_ALA;D_408_TYR
r5_real_lox169,r5_real_lox169_cluster_4,1,0.1,4,D_191_GLU;D_194_ARG;D_221_TYR;D_226_THR;D_227_TYR;D_268_ARG;D_330_CYS;D_331_ASP;D_332_TYR;D_333_GLY;D_334_TYR;D_335_HIS;D_336_ARG;D_406_HIS;D_407_ALA;D_408_TYR
r5_real_lox169,r5_real_lox169_cluster_5,1,0.1,5,D_221_TYR;D_224_ALA;D_225_SER;D_226_THR;D_227_TYR;D_228_VAL;D_266_PRO;D_326_GLU;D_328_THR;D_329_SER;D_336_ARG;D_339_ALA;D_341_THR;D_342_ALA;D_354_THR;D_356_GLY;D_357_ALA;D_358_ASP;D_359_ILE;D_406_HIS;D_407_ALA;D_408_TYR
r5_real_lox169,r5_real_lox169_cluster_6,1,0.1,6,D_191_GLU;D_194_ARG;D_221_TYR;D_224_ALA;D_225_SER;D_268_ARG;D_329_SER;D_330_CYS;D_331_ASP;D_332_TYR;D_333_GLY;D_334_TYR;D_335_HIS;D_336_ARG;D_406_HIS;D_408_TYR
r5_real_lox169,r5_real_lox169_cluster_7,1,0.1,7,D_194_ARG;D_220_TYR;D_221_TYR;D_224_ALA;D_225_SER;D_226_THR;D_268_ARG;D_329_SER;D_336_ARG;D_401_ARG;D_403_THR;D_407_ALA;D_408_TYR
r5_real_lox169,r5_real_lox169_cluster_8,1,0.1,8,D_191_GLU;D_220_TYR;D_221_TYR;D_224_ALA;D_268_ARG;D_328_THR;D_329_SER;D_330_CYS;D_331_ASP;D_332_TYR;D_333_GLY;D_334_TYR;D_335_HIS;D_336_ARG;D_406_HIS;D_408_TYR
r5_real_lox169,r5_real_lox169_cluster_9,1,0.1,9,D_191_GLU;D_194_ARG;D_220_TYR;D_221_TYR;D_224_ALA;D_225_SER;D_226_THR;D_227_TYR;D_268_ARG;D_328_THR;D_329_SER;D_330_CYS;D_334_TYR;D_335_HIS;D_336_ARG;D_354_THR;D_407_ALA;D_408_TYR
r5_real_lox169,r5_real_lox169_cluster_10,1,0.1,10,D_191_GLU;D_194_ARG;D_224_ALA;D_227_TYR;D_328_THR;D_329_SER;D_334_TYR;D_336_ARG;D_354_THR;D_403_THR;D_406_HIS;D_408_TYR
r5_inactive_h292a_h294a_h296a,r5_inactive_h292a_h294a_h296a_cluster_1,1,0.1,1,D_191_GLU;D_193_PRO;D_220_TYR;D_221_TYR;D_224_ALA;D_225_SER;D_266_PRO;D_328_THR;D_329_SER;D_330_CYS;D_331_ASP;D_332_TYR;D_333_GLY;D_334_TYR;D_335_HIS;D_336_ARG;D_406_HIS;D_408_TYR
r5_inactive_h292a_h294a_h296a,r5_inactive_h292a_h294a_h296a_cluster_2,1,0.1,2,D_194_ARG;D_221_TYR;D_224_ALA;D_225_SER;D_226_THR;D_227_TYR;D_268_ARG;D_330_CYS;D_331_ASP;D_332_TYR;D_333_GLY;D_334_TYR;D_335_HIS;D_403_THR;D_405_HIS;D_406_HIS;D_408_TYR
r5_inactive_h292a_h294a_h296a,r5_inactive_h292a_h294a_h296a_cluster_3,1,0.1,3,D_194_ARG;D_220_TYR;D_221_TYR;D_224_ALA;D_268_ARG;D_329_SER;D_330_CYS;D_331_ASP;D_332_TYR;D_333_GLY;D_334_TYR;D_335_HIS;D_336_ARG;D_406_HIS;D_408_TYR
r5_inactive_h292a_h294a_h296a,r5_inactive_h292a_h294a_h296a_cluster_4,1,0.1,4,D_185_ASN;D_186_TYR;D_187_TYR;D_188_ASP;D_190_TYR;D_283_ARG;D_295_TYR;D_343_HIS
r5_inactive_h292a_h294a_h296a,r5_inactive_h292a_h294a_h296a_cluster_5,1,0.1,5,D_221_TYR;D_225_SER;D_226_THR;D_227_TYR;D_330_CYS;D_332_TYR;D_333_GLY;D_334_TYR;D_335_HIS;D_336_ARG;D_406_HIS;D_407_ALA;D_408_TYR
r5_inactive_h292a_h294a_h296a,r5_inactive_h292a_h294a_h296a_cluster_6,1,0.1,6,D_221_TYR;D_226_THR;D_227_TYR;D_268_ARG;D_330_CYS;D_332_TYR;D_333_GLY;D_334_TYR;D_335_HIS;D_336_ARG;D_406_HIS;D_407_ALA;D_408_TYR
r5_inactive_h292a_h294a_h296a,r5_inactive_h292a_h294a_h296a_cluster_7,1,0.1,7,D_220_TYR;D_221_TYR;D_224_ALA;D_225_SER;D_226_THR;D_268_ARG;D_329_SER;D_330_CYS;D_335_HIS;D_336_ARG;D_354_THR;D_408_TYR
r5_inactive_h292a_h294a_h296a,r5_inactive_h292a_h294a_h296a_cluster_8,1,0.1,8,D_169_ASP;D_170_ASP;D_171_PRO;D_172_TYR;D_182_PRO;D_183_TYR;D_207_TYR;D_280_SER;D_281_ARG;D_284_TYR;D_383_SER;D_384_TYR;D_385_LEU;D_386_VAL;D_387_PRO;D_391_TYR
r5_inactive_h292a_h294a_h296a,r5_inactive_h292a_h294a_h296a_cluster_9,1,0.1,9,D_194_ARG;D_224_ALA;D_227_TYR;D_328_THR;D_329_SER;D_336_ARG;D_403_THR;D_406_HIS;D_408_TYR
r5_inactive_h292a_h294a_h296a,r5_inactive_h292a_h294a_h296a_cluster_10,1,0.1,10,D_174_PRO;D_175_TYR;D_181_ASN;D_183_TYR;D_205_THR;D_207_TYR;D_388_GLU;D_389_SER;D_391_TYR;D_392_THR
