construct_id,contact_residue,pose_count,frequency,ranks
r5_real_lox169,D_191_GLU,7,0.7,1;2;4;6;8;9;10
r5_real_lox169,D_194_ARG,6,0.6,2;4;6;7;9;10
r5_real_lox169,D_220_TYR,6,0.6,1;2;3;7;8;9
r5_real_lox169,D_221_TYR,8,0.8,2;3;4;5;6;7;8;9
r5_real_lox169,D_223_GLN,1,0.1,2
r5_real_lox169,D_224_ALA,9,0.9,1;2;3;5;6;7;8;9;10
r5_real_lox169,D_225_SER,6,0.6,2;3;5;6;7;9
r5_real_lox169,D_226_THR,6,0.6,2;3;4;5;7;9
r5_real_lox169,D_227_TYR,6,0.6,2;3;4;5;9;10
r5_real_lox169,D_228_VAL,1,0.1,5
r5_real_lox169,D_266_PRO,1,0.1,5
r5_real_lox169,D_268_ARG,7,0.7,2;3;4;6;7;8;9
r5_real_lox169,D_326_GLU,1,0.1,5
r5_real_lox169,D_328_THR,5,0.5,1;5;8;9;10
r5_real_lox169,D_329_SER,9,0.9,1;2;3;5;6;7;8;9;10
r5_real_lox169,D_330_CYS,6,0.6,1;3;4;6;8;9
r5_real_lox169,D_331_ASP,3,0.3,4;6;8
r5_real_lox169,D_332_TYR,4,0.4,1;4;6;8
r5_real_lox169,D_333_GLY,4,0.4,1;4;6;8
r5_real_lox169,D_334_TYR,7,0.7,1;2;4;6;8;9;10
r5_real_lox169,D_335_HIS,7,0.7,1;2;3;4;6;8;9
r5_real_lox169,D_336_ARG,10,1.0,1;2;3;4;5;6;7;8;9;10
r5_real_lox169,D_339_ALA,1,0.1,5
r5_real_lox169,D_341_THR,1,0.1,5
r5_real_lox169,D_342_ALA,1,0.1,5
r5_real_lox169,D_354_THR,6,0.6,1;2;3;5;9;10
r5_real_lox169,D_356_GLY,1,0.1,5
r5_real_lox169,D_357_ALA,1,0.1,5
r5_real_lox169,D_358_ASP,1,0.1,5
r5_real_lox169,D_359_ILE,1,0.1,5
r5_real_lox169,D_401_ARG,1,0.1,7
r5_real_lox169,D_403_THR,2,0.2,7;10
r5_real_lox169,D_406_HIS,7,0.7,1;3;4;5;6;8;10
r5_real_lox169,D_407_ALA,6,0.6,2;3;4;5;7;9
r5_real_lox169,D_408_TYR,10,1.0,1;2;3;4;5;6;7;8;9;10
r5_inactive_h292a_h294a_h296a,D_169_ASP,1,0.1,8
r5_inactive_h292a_h294a_h296a,D_170_ASP,1,0.1,8
r5_inactive_h292a_h294a_h296a,D_171_PRO,1,0.1,8
r5_inactive_h292a_h294a_h296a,D_172_TYR,1,0.1,8
r5_inactive_h292a_h294a_h296a,D_174_PRO,1,0.1,10
r5_inactive_h292a_h294a_h296a,D_175_TYR,1,0.1,10
r5_inactive_h292a_h294a_h296a,D_181_ASN,1,0.1,10
r5_inactive_h292a_h294a_h296a,D_182_PRO,1,0.1,8
r5_inactive_h292a_h294a_h296a,D_183_TYR,2,0.2,8;10
r5_inactive_h292a_h294a_h296a,D_185_ASN,1,0.1,4
r5_inactive_h292a_h294a_h296a,D_186_TYR,1,0.1,4
r5_inactive_h292a_h294a_h296a,D_187_TYR,1,0.1,4
r5_inactive_h292a_h294a_h296a,D_188_ASP,1,0.1,4
r5_inactive_h292a_h294a_h296a,D_190_TYR,1,0.1,4
r5_inactive_h292a_h294a_h296a,D_191_GLU,1,0.1,1
r5_inactive_h292a_h294a_h296a,D_193_PRO,1,0.1,1
r5_inactive_h292a_h294a_h296a,D_194_ARG,3,0.3,2;3;9
r5_inactive_h292a_h294a_h296a,D_205_THR,1,0.1,10
r5_inactive_h292a_h294a_h296a,D_207_TYR,2,0.2,8;10
r5_inactive_h292a_h294a_h296a,D_220_TYR,3,0.3,1;3;7
r5_inactive_h292a_h294a_h296a,D_221_TYR,6,0.6,1;2;3;5;6;7
r5_inactive_h292a_h294a_h296a,D_224_ALA,5,0.5,1;2;3;7;9
r5_inactive_h292a_h294a_h296a,D_225_SER,4,0.4,1;2;5;7
r5_inactive_h292a_h294a_h296a,D_226_THR,4,0.4,2;5;6;7
r5_inactive_h292a_h294a_h296a,D_227_TYR,4,0.4,2;5;6;9
r5_inactive_h292a_h294a_h296a,D_266_PRO,1,0.1,1
r5_inactive_h292a_h294a_h296a,D_268_ARG,4,0.4,2;3;6;7
r5_inactive_h292a_h294a_h296a,D_280_SER,1,0.1,8
r5_inactive_h292a_h294a_h296a,D_281_ARG,1,0.1,8
r5_inactive_h292a_h294a_h296a,D_283_ARG,1,0.1,4
r5_inactive_h292a_h294a_h296a,D_284_TYR,1,0.1,8
r5_inactive_h292a_h294a_h296a,D_295_TYR,1,0.1,4
r5_inactive_h292a_h294a_h296a,D_328_THR,2,0.2,1;9
r5_inactive_h292a_h294a_h296a,D_329_SER,4,0.4,1;3;7;9
r5_inactive_h292a_h294a_h296a,D_330_CYS,6,0.6,1;2;3;5;6;7
r5_inactive_h292a_h294a_h296a,D_331_ASP,3,0.3,1;2;3
r5_inactive_h292a_h294a_h296a,D_332_TYR,5,0.5,1;2;3;5;6
r5_inactive_h292a_h294a_h296a,D_333_GLY,5,0.5,1;2;3;5;6
r5_inactive_h292a_h294a_h296a,D_334_TYR,5,0.5,1;2;3;5;6
r5_inactive_h292a_h294a_h296a,D_335_HIS,6,0.6,1;2;3;5;6;7
r5_inactive_h292a_h294a_h296a,D_336_ARG,6,0.6,1;3;5;6;7;9
r5_inactive_h292a_h294a_h296a,D_343_HIS,1,0.1,4
r5_inactive_h292a_h294a_h296a,D_354_THR,1,0.1,7
r5_inactive_h292a_h294a_h296a,D_383_SER,1,0.1,8
r5_inactive_h292a_h294a_h296a,D_384_TYR,1,0.1,8
r5_inactive_h292a_h294a_h296a,D_385_LEU,1,0.1,8
r5_inactive_h292a_h294a_h296a,D_386_VAL,1,0.1,8
r5_inactive_h292a_h294a_h296a,D_387_PRO,1,0.1,8
r5_inactive_h292a_h294a_h296a,D_388_GLU,1,0.1,10
r5_inactive_h292a_h294a_h296a,D_389_SER,1,0.1,10
r5_inactive_h292a_h294a_h296a,D_391_TYR,2,0.2,8;10
r5_inactive_h292a_h294a_h296a,D_392_THR,1,0.1,10
r5_inactive_h292a_h294a_h296a,D_403_THR,2,0.2,2;9
r5_inactive_h292a_h294a_h296a,D_405_HIS,1,0.1,2
r5_inactive_h292a_h294a_h296a,D_406_HIS,6,0.6,1;2;3;5;6;9
r5_inactive_h292a_h294a_h296a,D_407_ALA,2,0.2,5;6
r5_inactive_h292a_h294a_h296a,D_408_TYR,7,0.7,1;2;3;5;6;7;9
